eid,score
1,0.397993427
2,0.077948069
3,0.224911987
4,0.735781057
5,0.135329036
6,0.35957278
7,0.085933714