eid,score,Intermediate,Favourable
1,0.641213379,0,1
2,-0.861835064,0,0
3,0.312186516,1,0
4,0.581919636,0,1
5,-5.448099417,0,0
6,-2.215265096,0,0
7,-0.45415775,0,0